"BIOAC";"HT";"HF";"H";"ACI";"NDSI";"ADI";"NP";"FILE";"START";"SM"
18,0636050337202;0,969791955171276;0,977418486718829;0,947892585255603;4468,18720794895;-0,252443853461952;1,252774;7;"SMA11307_20260905_120000.wav";2026-09-05 12:00:00;"SMA11307"
15,4904358286794;0,967293966059249;0,977775134942749;0,945795988192888;4486,64756929587;-0,261639781877409;0,978948;4;"SMA11307_20260905_130000.wav";2026-09-05 13:00:00;"SMA11307"
16,4291874600237;0,967928319746001;0,980030658782966;0,948599428855363;4487,68598962535;-0,257076151524718;1,11029;1;"SMA11307_20260905_140000.wav";2026-09-05 14:00:00;"SMA11307"
16,4801731629022;0,962155162179525;0,980357873180885;0,943256388464328;4477,58255905781;-0,217007252486008;1,419343;2;"SMA11307_20260905_150000.wav";2026-09-05 15:00:00;"SMA11307"
16,5548181957385;0,962583557064313;0,9746744400613;0,938205589493874;4493,8627708213;-0,374112623334604;1,054475;1;"SMA11307_20260905_160000.wav";2026-09-05 16:00:00;"SMA11307"
18,0180748857041;0,969634876517599;0,972961700244375;0,943417598072808;4470,45830423591;-0,542307888022578;1,561812;1;"SMA11307_20260905_170000.wav";2026-09-05 17:00:00;"SMA11307"
19,0164546486993;0,963164329171685;0,973266003332854;0,937415097205696;4500,13072319931;-0,403710485506544;1,24201;3;"SMA11307_20260905_180000.wav";2026-09-05 18:00:00;"SMA11307"
20,3811901811195;0,962465283532739;0,932542697384975;0,897539971645015;4462,47919670055;-0,872586811871755;1,333275;1;"SMA11307_20260905_190000.wav";2026-09-05 19:00:00;"SMA11307"
19,6948380861013;0,971971122034888;0,933657326250309;0,907487958991606;4608,64670545548;-0,728552717149506;1,338497;4;"SMA11307_20260905_200000.wav";2026-09-05 20:00:00;"SMA11307"
20,0217555329925;0,967603519161093;0,945758514707518;0,915119267107563;4826,81299448006;-0,283381095083152;2,178327;12;"SMA11307_20260905_210000.wav";2026-09-05 21:00:00;"SMA11307"
14,7088115405268;0,942783712640413;0,921620781607484;0,868889062130463;4402,92666689591;-0,74381171029835;1,234913;1;"SMA11307_20260905_220000.wav";2026-09-05 22:00:00;"SMA11307"
14,9394053408988;0,963695255409186;0,918483617382628;0,885138304242704;4366,06154732315;-0,710238902674207;1,359523;4;"SMA11307_20260905_230000.wav";2026-09-05 23:00:00;"SMA11307"
11,8198052676398;0,967011555312046;0,912054756972206;0,881967489069443;4363,927731183;-0,729474540563206;1,893015;1;"SMA11307_20260906_000000.wav";2026-09-06;"SMA11307"
11,5607221600856;0,969795547833272;0,942414051162744;0,913948951033146;4389,82979065058;-0,658101718520208;2,106096;3;"SMA11307_20260906_010000.wav";2026-09-06 01:00:00;"SMA11307"
8,41951537565225;0,983835816644821;0,940869768369109;0,925661376919846;4338,24554631819;-0,188478264226725;2,320688;10;"SMA11307_20260906_020000.wav";2026-09-06 02:00:00;"SMA11307"
7,49745051787686;0,983079565301029;0,94809090056942;0,932048790397646;4360,38550569061;-0,0377821393608121;2,461293;0;"SMA11307_20260906_030000.wav";2026-09-06 03:00:00;"SMA11307"
7,49452699048926;0,984750341506601;0,950275452787982;0,935784076658305;4362,60270904342;0,114631398867562;2,471834;1;"SMA11307_20260906_040000.wav";2026-09-06 04:00:00;"SMA11307"
15,8759218677763;0,933533838816031;0,904848037362863;0,844706261864505;4355,15211832052;-0,747682725879096;1,191647;1;"SMA11307_20260906_050000.wav";2026-09-06 05:00:00;"SMA11307"
7,83017101395594;0,978004693080941;0,949847660599239;0,928955469778009;4393,3000127996;0,0500159062047933;2,427202;2;"SMA11307_20260906_060000.wav";2026-09-06 06:00:00;"SMA11307"
19,0756930867289;0,955033019338945;0,919231946559537;0,877896861395571;4619,07691199403;-0,73636105210072;1,505175;3;"SMA11307_20260906_070000.wav";2026-09-06 07:00:00;"SMA11307"
17,2209054320516;0,904132979051596;0,960482860020883;0,868404229558678;4854,61315599241;0,883841557642699;1,985412;18;"SMA11307_20260906_080000.wav";2026-09-06 08:00:00;"SMA11307"
26,4496969377883;0,946585023846417;0,963246119866908;0,911794351344185;4620,6024170623;-0,186778523895608;1,573911;5;"SMA11307_20260906_090000.wav";2026-09-06 09:00:00;"SMA11307"
25,1067125674312;0,961611526075882;0,968655384271763;0,93147018231119;4527,53359498057;-0,284739688672499;1,786002;11;"SMA11307_20260906_100000.wav";2026-09-06 10:00:00;"SMA11307"
27,6050510038067;0,96083859680454;0,964108477341303;0,926352636535979;4643,72135737431;-0,163296819892963;1,658935;9;"SMA11307_20260906_110000.wav";2026-09-06 11:00:00;"SMA11307"
20,0558183051807;0,967714410150639;0,959505543135268;0,928527340711415;4427,83315369065;-0,393749769702982;1,698497;2;"SMA11307_20260906_120000.wav";2026-09-06 12:00:00;"SMA11307"
19,1832151114537;0,953597396962788;0,956919198721262;0,912515657004312;4456,82092771375;-0,528996121286;1,693492;3;"SMA11307_20260906_130000.wav";2026-09-06 13:00:00;"SMA11307"
18,0757952309028;0,96007032049623;0,957217345013443;0,918995963211607;4425,52236423807;-0,586331766503699;1,938495;1;"SMA11307_20260906_140000.wav";2026-09-06 14:00:00;"SMA11307"
19,3749894879991;0,967534575021683;0,967974046901682;0,936548358101038;4485,02848856339;-0,474256250498807;1,277208;4;"SMA11307_20260906_150000.wav";2026-09-06 15:00:00;"SMA11307"
20,908526693126;0,950938884169295;0,96193127203895;0,914737850480269;4432,97751485451;-0,479561442409768;1,043364;2;"SMA11307_20260906_160000.wav";2026-09-06 16:00:00;"SMA11307"
17,1033988214893;0,961362924852649;0,976734021680605;0,938995875885957;4502,63012463726;-0,311341870432035;0,772432;1;"SMA11307_20260906_170000.wav";2026-09-06 17:00:00;"SMA11307"
20,677728253259;0,965416832897471;0,953348451547993;0,920378642741171;4389,16030502446;-0,597499834419475;1,341093;2;"SMA11307_20260906_180000.wav";2026-09-06 18:00:00;"SMA11307"
21,6068266246927;0,939878522651494;0,925513703434573;0,869870452277799;4474,27574973934;-0,801373238861725;1,04438;2;"SMA11307_20260906_190000.wav";2026-09-06 19:00:00;"SMA11307"
19,7863919717379;0,956756850753951;0,921767853982734;0,881907709102748;4545,51540745809;-0,752903862583728;1,274294;5;"SMA11307_20260906_200000.wav";2026-09-06 20:00:00;"SMA11307"
18,9418292324882;0,935893549195024;0,928673928753227;0,869139939225744;4476,75721122792;-0,818275250989121;1,188411;4;"SMA11307_20260906_210000.wav";2026-09-06 21:00:00;"SMA11307"
13,7817911447901;0,962295568437007;0,915216627150772;0,880708904467053;4403,20082426261;-0,75715745916847;1,250682;4;"SMA11307_20260906_220000.wav";2026-09-06 22:00:00;"SMA11307"
11,4262923481259;0,95790736585257;0,922568864415768;0,883735510730106;4373,52044724114;-0,657568555865119;0,966357;5;"SMA11307_20260906_230000.wav";2026-09-06 23:00:00;"SMA11307"
14,4773167496973;0,947587587165614;0,907183286920825;0,859635621970275;4363,44821494525;-0,652878949923227;1,235155;3;"SMA11307_20260907_000000.wav";2026-09-07;"SMA11307"
7,29651737055375;0,983847164836161;0,953359126436158;0,937959673614892;4359,10053881061;0,138659811083696;2,475495;3;"SMA11307_20260907_010000.wav";2026-09-07 01:00:00;"SMA11307"
8,22350378840987;0,97758343460455;0,941125410178661;0,920028610876071;4368,89759652098;-0,386214405251004;1,386827;5;"SMA11307_20260907_020000.wav";2026-09-07 02:00:00;"SMA11307"
8,75817159269694;0,982419416882626;0,963848183984133;0,94690317087307;4541,58792148578;0,202263335725498;2,330052;1;"SMA11307_20260907_030000.wav";2026-09-07 03:00:00;"SMA11307"
7,62372803483128;0,981920614867914;0,95130881156672;0,934109733182859;4370,67522338606;0,0442207740410599;2,482407;2;"SMA11307_20260907_040000.wav";2026-09-07 04:00:00;"SMA11307"
11,8034282183646;0,982608117353393;0,972475290375998;0,955562114249054;4948,45538299475;0,282044135880106;2,475868;10;"SMA11307_20260907_050000.wav";2026-09-07 05:00:00;"SMA11307"
9,91394286998814;0,970665205249526;0,921828610315354;0,894786957236638;4396,24958834956;-0,831762256438564;2,261307;2;"SMA11307_20260907_060000.wav";2026-09-07 06:00:00;"SMA11307"
23,3108309379711;0,957776237384139;0,933655053120675;0,894232623792608;4561,11802210671;-0,639925850821482;1,831621;2;"SMA11307_20260907_070000.wav";2026-09-07 07:00:00;"SMA11307"
29,5303129076277;0,967307389746883;0,953683227929614;0,922504833853976;4483,17200582525;-0,789384877753145;1,555079;7;"SMA11307_20260907_080000.wav";2026-09-07 08:00:00;"SMA11307"
24,4134395692116;0,968464912527629;0,939769944469394;0,910134217066646;4411,57482460995;-0,308256272630277;1,83738;1;"SMA11307_20260907_090000.wav";2026-09-07 09:00:00;"SMA11307"
26,3286324027965;0,958728768585587;0,961985797982078;0,922283459496181;4488,34159726229;-0,118184608089522;1,858322;17;"SMA11307_20260907_100000.wav";2026-09-07 10:00:00;"SMA11307"
21,1976258083812;0,95905660250628;0,952268848607603;0,913279726618174;4475,54500445337;-0,330058784108775;1,587337;6;"SMA11307_20260907_110000.wav";2026-09-07 11:00:00;"SMA11307"
20,276136327603;0,965124512299859;0,957165866204967;0,92378423981114;4428,58708830254;-0,332069074998766;1,995095;1;"SMA11307_20260907_120000.wav";2026-09-07 12:00:00;"SMA11307"
17,3864419895948;0,963025098379647;0,976430326296773;0,940326911042821;4473,16436720792;-0,26778852710822;0,796638;5;"SMA11307_20260907_130000.wav";2026-09-07 13:00:00;"SMA11307"
17,2814965711788;0,951154206562664;0,968528533754506;0,921219989056568;4493,31760969879;-0,264480262824348;1,069966;3;"SMA11307_20260907_140000.wav";2026-09-07 14:00:00;"SMA11307"
16,9704119660945;0,968496387554511;0,974546975960141;0,94384522571957;4474,55687504094;-0,352073567360629;0,794465;1;"SMA11307_20260907_150000.wav";2026-09-07 15:00:00;"SMA11307"
25,0372854652155;0,975845036121504;0,96827960262283;0,94489084379719;4549,25924314416;-0,546939013182099;1,551185;6;"SMA11307_20260907_160000.wav";2026-09-07 16:00:00;"SMA11307"
20,6302154558715;0,967385946147549;0,955496765470406;0,924334142505512;4417,8930134424;-0,553868600755173;1,487155;1;"SMA11307_20260907_170000.wav";2026-09-07 17:00:00;"SMA11307"
26,4844981049607;0,957147365811997;0,956394389341844;0,915410370435919;4380,50079524931;-0,448917320228433;1,542212;4;"SMA11307_20260907_180000.wav";2026-09-07 18:00:00;"SMA11307"
21,7869761143412;0,96859580117901;0,935065642418763;0,905700655073568;4402,27497702002;-0,653288893258008;1,179117;4;"SMA11307_20260907_190000.wav";2026-09-07 19:00:00;"SMA11307"
19,7734842706871;0,959255535263152;0,920965181810936;0,883440948436776;4507,30669745322;-0,754525559525295;1,541002;4;"SMA11307_20260907_200000.wav";2026-09-07 20:00:00;"SMA11307"
9,14230248600511;0,981692325002878;0,959961093007573;0,942386437306909;4424,38773826454;-0,129613057019483;2,473083;12;"SMA11307_20260907_210000.wav";2026-09-07 21:00:00;"SMA11307"
8,09171776510526;0,981809905565506;0,955802313098889;0,938416178762913;4432,61300259998;-0,0287517994917723;2,473924;1;"SMA11307_20260907_220000.wav";2026-09-07 22:00:00;"SMA11307"
4,86850733964133;0,984779888271866;0,93040406845402;0,916243214579839;4429,59642253643;0,125051640671274;2,459353;10;"SMA11307_20260907_230000.wav";2026-09-07 23:00:00;"SMA11307"
14,4844523670644;0,934083106228842;0,904052412238649;0,844460085417554;4365,54678450376;-0,78341459951141;1,174385;2;"SMA11307_20260908_000000.wav";2026-09-08;"SMA11307"
18,750920462664;0,913494112992608;0,93155371416413;0,850968833825332;4379,99598055937;-0,512749071685534;1,252159;4;"SMA11307_20260908_010000.wav";2026-09-08 01:00:00;"SMA11307"
7,13709930230082;0,985372403259903;0,95542732902965;0,941451723346136;4380,49178976468;0,273456931436408;2,473166;0;"SMA11307_20260908_020000.wav";2026-09-08 02:00:00;"SMA11307"
17,1923022688489;0,945278766631886;0,925023071824778;0,874404668440565;4359,73472394685;-0,770788598678525;1,224097;6;"SMA11307_20260908_030000.wav";2026-09-08 03:00:00;"SMA11307"
7,41525998951008;0,984481107271907;0,9524787800966;0,937697364082496;4358,93205123334;0,131378974711706;2,477653;0;"SMA11307_20260908_040000.wav";2026-09-08 04:00:00;"SMA11307"
7,70304473359634;0,971067464297416;0,944565123016208;0,917236458871125;4366,55921273771;-0,126518760678416;1,303633;0;"SMA11307_20260908_050000.wav";2026-09-08 05:00:00;"SMA11307"
17,6570397685203;0,924863499910762;0,907623223545468;0,83942759112855;4355,79123126229;-0,549727862588416;1,21423;3;"SMA11307_20260908_060000.wav";2026-09-08 06:00:00;"SMA11307"
24,5004355748578;0,964403311099873;0,950789229323981;0,916944280918144;4587,61550749611;-0,30375440093737;1,763311;11;"SMA11307_20260908_070000.wav";2026-09-08 07:00:00;"SMA11307"
22,112477347932;0,961406423492652;0,919735898451718;0,884240000688267;4477,66854686692;-0,746688224186522;1,420655;2;"SMA11307_20260908_080000.wav";2026-09-08 08:00:00;"SMA11307"
22,6036200810001;0,959580049508503;0,929283393763243;0,891721804994762;4426,93269631063;-0,408296759401524;1,532688;3;"SMA11307_20260908_090000.wav";2026-09-08 09:00:00;"SMA11307"
20,0042163076669;0,960312235155875;0,943350639899787;0,905911161537889;4459,74519962715;-0,456343860868118;1,386959;1;"SMA11307_20260908_100000.wav";2026-09-08 10:00:00;"SMA11307"
20,5644313983343;0,961449069553823;0,955103054586296;0,918282943160009;4469,35102189441;-0,487791078508743;2,002879;2;"SMA11307_20260908_110000.wav";2026-09-08 11:00:00;"SMA11307"
15,8621136024008;0,968063949402299;0,974857804433555;0,943724696265601;4429,97840482578;0,400613497630384;2,154201;4;"SMA11316_20260905_110000.wav";2026-09-05 11:00:00;"SMA11316"
17,0410413397057;0,974063517582539;0,977107699497566;0,951764962829582;4429,05890427764;0,38162630220065;2,335465;2;"SMA11316_20260905_120000.wav";2026-09-05 12:00:00;"SMA11316"
17,6666331321283;0,974824605473136;0,976491679654406;0,951908116366906;4423,19998278483;0,410018290259636;2,293394;2;"SMA11316_20260905_130000.wav";2026-09-05 13:00:00;"SMA11316"
16,4751033193062;0,960005408015032;0,97674191229762;0,937677518040659;4417,23274758313;0,517038353692195;2,178263;2;"SMA11316_20260905_140000.wav";2026-09-05 14:00:00;"SMA11316"
15,2105271553697;0,943924270760925;0,977148259839261;0,922353958594081;4431,40056919326;0,419465735065805;2,005809;1;"SMA11316_20260905_150000.wav";2026-09-05 15:00:00;"SMA11316"
17,8221160874496;0,945082310488416;0,981403936917352;0,927507500224278;4410,69276277285;0,468783588883123;2,109945;1;"SMA11316_20260905_160000.wav";2026-09-05 16:00:00;"SMA11316"
18,1150888002896;0,976175124219171;0,981404669464948;0,95802282512422;4405,07654630285;0,350908057301167;2,374749;1;"SMA11316_20260905_170000.wav";2026-09-05 17:00:00;"SMA11316"
19,7571943357373;0,959280362590926;0,979903543848407;0,940002226847034;4399,4304093146;0,145592917317892;2,092541;5;"SMA11316_20260905_180000.wav";2026-09-05 18:00:00;"SMA11316"
16,3076238989635;0,980105152033719;0,968555799039238;0,949286528670493;4348,60836372252;-0,0406846380790959;2,444527;8;"SMA11316_20260905_190000.wav";2026-09-05 19:00:00;"SMA11316"
16,1068589010449;0,971942608446022;0,94845456635981;0,921843405220295;4365,48088093559;0,04552292831422;2,406924;6;"SMA11316_20260905_200000.wav";2026-09-05 20:00:00;"SMA11316"
20,0772365446628;0,979834455359212;0,946164421769748;0,927084500885024;4358,96758782811;0,995566444467817;2,466485;10;"SMA11316_20260905_210000.wav";2026-09-05 21:00:00;"SMA11316"
19,2562888784767;0,97926521708406;0,93274165829533;0,913401462493922;4515,20299743235;0,998088403600925;2,425733;11;"SMA11316_20260905_220000.wav";2026-09-05 22:00:00;"SMA11316"
19,0721886444929;0,979292039050084;0,940979483629927;0,921493717228246;4405,09677748686;0,991923187696392;2,47121;11;"SMA11316_20260905_230000.wav";2026-09-05 23:00:00;"SMA11316"
19,4383132498847;0,978254935244123;0,956751836957841;0,935947206307889;4309,77059186093;0,990207951709423;2,401731;15;"SMA11316_20260906_000000.wav";2026-09-06;"SMA11316"
19,6312149749231;0,976204835791586;0,958980265367392;0,936161172480347;4420,29942627891;0,840556522842862;2,446143;18;"SMA11316_20260906_010000.wav";2026-09-06 01:00:00;"SMA11316"
11,2905573099731;0,979545851299655;0,949439397221469;0,930019422608735;4447,54429134388;-0,0582445645327043;2,403192;10;"SMA11316_20260906_020000.wav";2026-09-06 02:00:00;"SMA11316"
9,22064644945394;0,981579509193949;0,939300687964301;0,921998308277537;4551,35156551846;0,859322520703516;2,484183;13;"SMA11316_20260906_030000.wav";2026-09-06 03:00:00;"SMA11316"
8,00631724090657;0,982796180349931;0,947327701975586;0,931030047041283;4446,0543371374;0,634482612714179;2,469473;20;"SMA11316_20260906_040000.wav";2026-09-06 04:00:00;"SMA11316"
8,74906078208011;0,980977482313156;0,939131327877161;0,921266685582348;4484,44487409106;0,790563217819824;2,484266;15;"SMA11316_20260906_050000.wav";2026-09-06 05:00:00;"SMA11316"
8,24878017552008;0,980054593349534;0,931465625297725;0,912887164620232;4507,7156494026;0,641830767485724;2,469395;16;"SMA11316_20260906_060000.wav";2026-09-06 06:00:00;"SMA11316"
16,7258921036177;0,978650005798001;0,951976375503397;0,93165168540596;4273,90825806808;-0,0435954557181485;1,816843;12;"SMA11316_20260906_070000.wav";2026-09-06 07:00:00;"SMA11316"
17,6238271821509;0,964828375214179;0,932357259628443;0,899564739926455;4310,65375402818;-0,325742610626751;1,902902;6;"SMA11316_20260906_080000.wav";2026-09-06 08:00:00;"SMA11316"
25,9297328764438;0,963212326286866;0,957862462838035;0,92262493109309;4537,31558033504;-0,213856133384124;1,979334;8;"SMA11316_20260906_090000.wav";2026-09-06 09:00:00;"SMA11316"
14,7232717200996;0,971094202039316;0,951547245442779;0,924042013015964;4532,09120663593;-0,125318893422113;2,320598;13;"SMA11316_20260906_100000.wav";2026-09-06 10:00:00;"SMA11316"
14,5437608930679;0,968866190503848;0,957057061463828;0,927260229235267;4408,66057305554;-0,119128453046342;2,442076;6;"SMA11316_20260906_110000.wav";2026-09-06 11:00:00;"SMA11316"
13,2567674604247;0,968647713707216;0,957839586278324;0,927809125346765;4400,71699629568;-0,00644427216261251;2,18611;2;"SMA11316_20260906_120000.wav";2026-09-06 12:00:00;"SMA11316"
16,5994719682288;0,966906166518804;0,9788978002664;0,946502319469275;4414,84344803782;0,308253903123687;2,002582;1;"SMA11316_20260906_130000.wav";2026-09-06 13:00:00;"SMA11316"
16,7220878466919;0,967891499317556;0,979014390883004;0,947579706645215;4421,69705244487;0,326462009420395;2,074736;1;"SMA11316_20260906_140000.wav";2026-09-06 14:00:00;"SMA11316"
18,2523118698906;0,958813124391651;0,976420609737822;0,936204895543122;4438,62946794568;0,0719489972133164;2,082348;2;"SMA11316_20260906_150000.wav";2026-09-06 15:00:00;"SMA11316"
19,2953264290613;0,968900418095006;0,97244488788821;0,942202258449238;4399,49166180476;0,0368379465448672;2,252795;6;"SMA11316_20260906_160000.wav";2026-09-06 16:00:00;"SMA11316"
18,7679703298333;0,97340977459351;0,968426504794419;0,942675825742317;4398,34353104299;-0,292963308374511;2,186489;1;"SMA11316_20260906_170000.wav";2026-09-06 17:00:00;"SMA11316"
17,6608697217985;0,97728490577815;0,972155864751728;0,950073252685569;4405,86527910512;-0,20999339396253;2,361675;5;"SMA11316_20260906_180000.wav";2026-09-06 18:00:00;"SMA11316"
16,0928392029866;0,979739518475601;0,97560943452371;0,955843117600513;4304,94313416748;0,0918189490995351;1,935495;16;"SMA11316_20260906_190000.wav";2026-09-06 19:00:00;"SMA11316"
15,387875213638;0,972076458479679;0,957894085551644;0,931146290281672;4481,2537255562;-0,164269088056803;2,346033;10;"SMA11316_20260906_200000.wav";2026-09-06 20:00:00;"SMA11316"
18,8985330191567;0,977682464490703;0,944755729200387;0,923671109666345;4366,32174387655;0,987820195428271;2,460295;13;"SMA11316_20260906_210000.wav";2026-09-06 21:00:00;"SMA11316"
18,0818397565618;0,979861053207035;0,923308676445971;0,904714212137543;4477,86586212636;0,997204049166548;2,356962;10;"SMA11316_20260906_220000.wav";2026-09-06 22:00:00;"SMA11316"
21,3247193270353;0,977330192751717;0,923786724727038;0,902844657738954;4547,05048767331;0,99957989372733;2,368501;15;"SMA11316_20260906_230000.wav";2026-09-06 23:00:00;"SMA11316"
21,9872555140826;0,977376099165492;0,94781594886616;0,926372654829647;4368,32132290387;0,998929892440156;2,445211;21;"SMA11316_20260907_000000.wav";2026-09-07;"SMA11316"
21,6518566455538;0,9758764285561;0,954178319209344;0,931160130355677;4294,89941558228;0,99435078237228;2,376873;24;"SMA11316_20260907_010000.wav";2026-09-07 01:00:00;"SMA11316"
13,1898082048321;0,978435853139801;0,932494826154125;0,912386370776561;4577,43023136151;0,968972576550478;2,406027;14;"SMA11316_20260907_020000.wav";2026-09-07 02:00:00;"SMA11316"
10,8759637159277;0,976452150033506;0,940580919969846;0,918432261585049;4703,2275892531;0,934555990284281;2,48357;18;"SMA11316_20260907_030000.wav";2026-09-07 03:00:00;"SMA11316"
9,39714972169643;0,978131427240491;0,940831955593718;0,920257303518346;4726,32315151783;0,920037125807218;2,484441;15;"SMA11316_20260907_040000.wav";2026-09-07 04:00:00;"SMA11316"
8,58330317536798;0,963950096503581;0,97799861652548;0,942741860780105;4958,25015129257;0,618270115096225;2,272186;9;"SMA11316_20260907_050000.wav";2026-09-07 05:00:00;"SMA11316"
5,73706750513621;0,979398730770354;0,936769043325407;0,917470412057862;4728,18696481263;0,60836177040731;2,483221;18;"SMA11316_20260907_060000.wav";2026-09-07 06:00:00;"SMA11316"
20,5713034297909;0,957112547033679;0,95987709634018;0,918710412517441;4748,91231603626;0,940420237403847;2,078014;9;"SMA11316_20260907_070000.wav";2026-09-07 07:00:00;"SMA11316"
22,1856016427386;0,967168173755064;0,964470109457097;0,932804794404967;4473,9088809289;-0,0412035653563556;2,254737;4;"SMA11316_20260907_080000.wav";2026-09-07 08:00:00;"SMA11316"
22,3835140478775;0,953792150295209;0,941960543447283;0,898434572227828;4293,44882959065;-0,367471992480681;1,800373;5;"SMA11316_20260907_090000.wav";2026-09-07 09:00:00;"SMA11316"
15,2308714153659;0,973141844877537;0,962643676093544;0,936788842913366;4394,3718341601;-0,119481536653049;1,894785;10;"SMA11316_20260907_100000.wav";2026-09-07 10:00:00;"SMA11316"
10,1907753319381;0,982664800789582;0,962755824787437;0,946066260773756;4405,35425047989;0,152036086588386;2,478478;5;"SMA11316_20260907_110000.wav";2026-09-07 11:00:00;"SMA11316"
11,6433237741815;0,978502471690807;0,973909976914656;0,952973319615327;4386,2268484635;0,547147671952582;2,283138;7;"SMA11316_20260907_120000.wav";2026-09-07 12:00:00;"SMA11316"
15,2819965582392;0,977143506532828;0,976447626902132;0,954129458096808;4400,08254386943;0,394912187737777;2,060425;3;"SMA11316_20260907_130000.wav";2026-09-07 13:00:00;"SMA11316"
11,4699080978541;0,957505084793599;0,972177976306606;0,930865355637927;4477,47681900658;0,0282139756170836;1,607117;6;"SMA11316_20260907_140000.wav";2026-09-07 14:00:00;"SMA11316"
15,2723684492946;0,942979960981423;0,980421531568239;0,924517857583565;4443,91703390284;0,307097321787307;2,039903;1;"SMA11316_20260907_150000.wav";2026-09-07 15:00:00;"SMA11316"
13,410996031788;0,973783087390535;0,96789544338487;0,94252021313055;4374,35329300433;0,10199199636629;1,403611;9;"SMA11316_20260907_160000.wav";2026-09-07 16:00:00;"SMA11316"
15,5545039406227;0,962958791560163;0,977135852068623;0,940941559298111;4471,95111152039;0,416232164170841;2,247358;10;"SMA11316_20260907_170000.wav";2026-09-07 17:00:00;"SMA11316"
17,1441755473562;0,976116150758339;0,968432399462919;0,945302506033407;4564,74272743922;-0,165866904947936;2,437809;7;"SMA11316_20260907_180000.wav";2026-09-07 18:00:00;"SMA11316"
18,6366789677398;0,975387489157223;0,969295143146737;0,945438355926187;4343,83600772714;-0,278998022773073;2,356938;13;"SMA11316_20260907_190000.wav";2026-09-07 19:00:00;"SMA11316"
19,9736137505627;0,947065024457677;0,955026518091403;0,904472212713965;4366,42262582485;0,977919777773724;2,243818;19;"SMA11316_20260907_200000.wav";2026-09-07 20:00:00;"SMA11316"
22,7617519440995;0,978198561343337;0,93967510024087;0,919188831185775;4503,51618812488;0,998597181336665;2,352632;12;"SMA11316_20260907_210000.wav";2026-09-07 21:00:00;"SMA11316"
22,7280760643683;0,977159078582182;0,936926881625993;0,915526608348532;4539,03642998321;0,999115271563407;2,325252;12;"SMA11316_20260907_220000.wav";2026-09-07 22:00:00;"SMA11316"
23,9229539691088;0,97706036321757;0,928186410482522;0,906894151359666;4519,33012429739;0,999779755885288;2,274215;14;"SMA11316_20260907_230000.wav";2026-09-07 23:00:00;"SMA11316"
24,3345247477083;0,975690458567567;0,943289815742422;0,92035887288384;4471,49679671612;0,994824885801224;2,335247;12;"SMA11316_20260908_000000.wav";2026-09-08;"SMA11316"
16,38393543836;0,978180711748187;0,960060685095876;0,939112844268536;4437,67092284663;0,970421510528903;2,446959;20;"SMA11316_20260908_010000.wav";2026-09-08 01:00:00;"SMA11316"
24,1309460522047;0,972681136948439;0,953492017112093;0,927443699275851;4531,87940710299;0,978294397880212;2,312143;11;"SMA11316_20260908_020000.wav";2026-09-08 02:00:00;"SMA11316"
24,2047336100461;0,973931515760735;0,935138334090873;0,910760695167093;4544,60295374177;0,999349727543075;2,252826;16;"SMA11316_20260908_030000.wav";2026-09-08 03:00:00;"SMA11316"
23,8771662493234;0,965767605403577;0,927348139630519;0,895602792186428;4617,30550953133;0,999742360366904;2,218845;14;"SMA11316_20260908_040000.wav";2026-09-08 04:00:00;"SMA11316"
7,75130063510952;0,973517263824215;0,931634753612273;0,906962516220167;4557,10960671645;0,874653413109264;2,119309;9;"SMA11316_20260908_050000.wav";2026-09-08 05:00:00;"SMA11316"
9,19090462970812;0,986145199202432;0,950031649413938;0,936869150159923;4507,91798636944;0,893840723456797;2,473821;13;"SMA11316_20260908_060000.wav";2026-09-08 06:00:00;"SMA11316"
15,634462085156;0,981219143805653;0,943525564764398;0,925805346816867;4231,68294202872;-0,0105873638819543;1,770384;12;"SMA11316_20260908_070000.wav";2026-09-08 07:00:00;"SMA11316"
16,8605598637136;0,977937561010414;0,946821127410864;0,925931944053311;4316,84811468695;-0,321760469378281;1,846193;11;"SMA11316_20260908_080000.wav";2026-09-08 08:00:00;"SMA11316"
22,3874465659851;0,971449854024742;0,955256687540742;0,927983969667613;4472,14817424836;-0,133100904411733;1,951018;7;"SMA11316_20260908_090000.wav";2026-09-08 09:00:00;"SMA11316"
24,0722173546159;0,956312979147979;0,966862788000595;0,924623433220169;4634,21337597784;0,459591819408246;1,947791;7;"SMA11316_20260908_100000.wav";2026-09-08 10:00:00;"SMA11316"
14,4094969763448;0,975792969728388;0,957398857683043;0,934223074553103;4410,86939921446;-0,416123631619919;1,957856;3;"SMA11455_20260905_150000.wav";2026-09-05 15:00:00;"SMA11455"
15,5680949815068;0,980165577193396;0,965356640034398;0,946209348276794;4400,82146988534;-0,251657338080287;2,42041;2;"SMA11455_20260905_160000.wav";2026-09-05 16:00:00;"SMA11455"
11,0317248814328;0,971901956699672;0,949099655343973;0,922431812131792;4387,87075728541;-0,406678136451799;1,7507;0;"SMA11455_20260905_170000.wav";2026-09-05 17:00:00;"SMA11455"
11,0069752454707;0,98164716000902;0,952248591215881;0,93477212518966;4370,26411525263;-0,31831360587939;1,41173;2;"SMA11455_20260905_180000.wav";2026-09-05 18:00:00;"SMA11455"
11,0219630144344;0,982390087807824;0,95037721871669;0,933641159345645;4358,90676490043;-0,340122823914618;2,378564;1;"SMA11455_20260905_190000.wav";2026-09-05 19:00:00;"SMA11455"
10,620158637082;0,98319027848391;0,953384403293052;0,937358276975912;4370,21600968851;-0,0885272457517175;2,46142;2;"SMA11455_20260905_200000.wav";2026-09-05 20:00:00;"SMA11455"
8,55429217711399;0,98439685763703;0,96971206553177;0,954581510122189;4404,90243643368;0,589995222260284;2,481878;4;"SMA11455_20260905_210000.wav";2026-09-05 21:00:00;"SMA11455"
10,968377552478;0,968456341795845;0,979629945109712;0,948728832954616;4492,22118665286;0,696152539380881;2,284079;10;"SMA11455_20260905_220000.wav";2026-09-05 22:00:00;"SMA11455"
9,10237825952856;0,992795349211183;0,971783637179287;0,964782275431124;4418,07182874106;0,551173717674733;2,448297;5;"SMA11455_20260905_230000.wav";2026-09-05 23:00:00;"SMA11455"
8,34525372695701;0,971416445429755;0,963071138132713;0,935543141700869;4382,69621866025;0,312374118800499;1,909522;1;"SMA11455_20260906_000000.wav";2026-09-06;"SMA11455"
11,3417079836562;0,985891339656593;0,983602616970695;0,969725301734969;4534,68483551708;0,823844613431982;2,478036;11;"SMA11455_20260906_010000.wav";2026-09-06 01:00:00;"SMA11455"
8,16896492110253;0,985537822873008;0,967480156237902;0,953488286851539;4393,15542273305;0,541338643230212;2,480513;2;"SMA11455_20260906_020000.wav";2026-09-06 02:00:00;"SMA11455"
9,65822854173996;0,984796746236675;0,977668185415281;0,962804447896083;4428,39453837504;0,643026858598857;2,478121;13;"SMA11455_20260906_030000.wav";2026-09-06 03:00:00;"SMA11455"
8,48201890290819;0,985491352567033;0,965123516491283;0,951120879661245;4404,53952611104;0,475827164805766;2,481159;3;"SMA11455_20260906_040000.wav";2026-09-06 04:00:00;"SMA11455"
8,51068983701379;0,985311289390922;0,964352135044789;0,950187045607869;4403,90441135414;0,442414425325118;2,481001;5;"SMA11455_20260906_050000.wav";2026-09-06 05:00:00;"SMA11455"
11,5643403149615;0,984155619985734;0,974558234155306;0,959116963147317;4513,79462462334;0,739772191863079;2,337515;14;"SMA11455_20260906_060000.wav";2026-09-06 06:00:00;"SMA11455"
13,3742554415246;0,980597919944151;0,945192598162361;0,926853895704619;4422,95613857173;0,54153524388526;2,422115;4;"SMA11455_20260906_070000.wav";2026-09-06 07:00:00;"SMA11455"
11,3313082013905;0,972751878796963;0,950489419615293;0,924590368707412;4370,92564449507;-0,263518523906263;1,484886;4;"SMA11455_20260906_080000.wav";2026-09-06 08:00:00;"SMA11455"
16,0810624701035;0,975165665248512;0,946838795502538;0,923324683899332;4464,47773330371;-0,0270540577619605;2,097594;6;"SMA11455_20260906_090000.wav";2026-09-06 09:00:00;"SMA11455"
18,3866109610154;0,976566111900015;0,954115988794532;0,931757341478714;4477,6276982791;0,729124464348438;2,195086;3;"SMA11455_20260906_100000.wav";2026-09-06 10:00:00;"SMA11455"
12,2883449693314;0,98049146722347;0,952970663655629;0,934379604228632;4389,50666920633;-0,211742528676723;2,348313;2;"SMA11455_20260906_110000.wav";2026-09-06 11:00:00;"SMA11455"
22,8213135347063;0,968761067517238;0,958886398232543;0,928931810779518;4595,5005201016;0,946439328893767;1,67058;8;"SMA11455_20260906_120000.wav";2026-09-06 12:00:00;"SMA11455"
12,499218784179;0,983514791716885;0,959547789747169;0,943729444575584;4391,6523954574;-0,160006992061006;2,47705;1;"SMA11455_20260906_130000.wav";2026-09-06 13:00:00;"SMA11455"
14,126565908453;0,98114401495528;0,957403392603812;0,939350608551111;4467,27497291581;0,287287323206611;2,200195;4;"SMA11455_20260906_140000.wav";2026-09-06 14:00:00;"SMA11455"
10,3072939802492;0,984236357096634;0,950765121148268;0,935777599293511;4370,38740347052;-0,180700292846254;2,476103;1;"SMA11455_20260906_150000.wav";2026-09-06 15:00:00;"SMA11455"
11,4244517878527;0,963381457208659;0,940697079669902;0,90625012340432;4369,53483971388;-0,611453984424491;0,935749;1;"SMA11455_20260906_160000.wav";2026-09-06 16:00:00;"SMA11455"
11,1719893468254;0,97874422560363;0,941254476973307;0,921247384161189;4375,48765430874;-0,56582103189453;2,173508;2;"SMA11455_20260906_170000.wav";2026-09-06 17:00:00;"SMA11455"
11,6982548887852;0,985297336128565;0,952741111816042;0,938733279492513;4387,84104888653;-0,105284418634675;2,416977;4;"SMA11455_20260906_180000.wav";2026-09-06 18:00:00;"SMA11455"
10,5351996959175;0,982580293771499;0,946025631802221;0,929546143211595;4360,91698070162;-0,369100437069688;1,67255;0;"SMA11455_20260906_190000.wav";2026-09-06 19:00:00;"SMA11455"
9,74406401604863;0,965684852432464;0,940147667370329;0,907886361429241;4365,98549796365;-0,437183011123906;0,86278;0;"SMA11455_20260906_200000.wav";2026-09-06 20:00:00;"SMA11455"
9,00066880764715;0,988062074945934;0,97137684124765;0,959780617317581;4413,91292009924;0,651672947149572;2,477518;6;"SMA11455_20260906_210000.wav";2026-09-06 21:00:00;"SMA11455"
9,03957904867036;0,982412523262305;0,969006261870702;0,95196388678137;4398,57490864971;0,451947118884592;2,480195;0;"SMA11455_20260906_220000.wav";2026-09-06 22:00:00;"SMA11455"
9,6958198028301;0,987694152461068;0,964649797467917;0,952778964131815;4398,63935448895;0,405936810277938;2,470315;8;"SMA11455_20260906_230000.wav";2026-09-06 23:00:00;"SMA11455"
8,65230722420414;0,982420339878895;0,969509601702894;0,952465952420809;4406,09898398182;0,640176825699951;2,46626;4;"SMA11455_20260907_000000.wav";2026-09-07;"SMA11455"
10,1962278263345;0,985419379828039;0,96145944140667;0,947440766480773;4417,97414527491;-0,0572392834082758;2,473844;1;"SMA11455_20260907_010000.wav";2026-09-07 01:00:00;"SMA11455"
20,2657118009757;0,981676140155562;0,967109264098644;0,949388089489042;4393,86771466596;-0,468964666954392;2,269459;1;"SMA11455_20260907_020000.wav";2026-09-07 02:00:00;"SMA11455"
12,3864124664467;0,980443570650571;0,967661805380563;0,948737795649497;4436,5473706135;0,123816332883165;2,482078;4;"SMA11455_20260907_030000.wav";2026-09-07 03:00:00;"SMA11455"
11,1860373118947;0,981237739511799;0,978588511696562;0,96022797912935;4501,81351112236;0,58930065133039;2,481163;11;"SMA11455_20260907_040000.wav";2026-09-07 04:00:00;"SMA11455"
19,2896230688417;0,973442874262805;0,980487694352853;0,954448759370152;5285,03530275157;0,68170378973462;2,447539;6;"SMA11455_20260907_050000.wav";2026-09-07 05:00:00;"SMA11455"
22,1365077775788;0,974659230057709;0,980229094271781;0,955389334303099;5160,6185076935;0,68654752999742;2,479953;1;"SMA11455_20260907_060000.wav";2026-09-07 06:00:00;"SMA11455"
16,3281581220108;0,977650994474337;0,961582160802891;0,940091755777728;4656,6408852318;0,726642885384384;2,414123;1;"SMA11455_20260907_070000.wav";2026-09-07 07:00:00;"SMA11455"
22,7356689688076;0,975636223063684;0,977553109843115;0,953736223931495;4610,55923018661;0,704074663902251;2,466973;3;"SMA11455_20260907_080000.wav";2026-09-07 08:00:00;"SMA11455"
12,2635985525682;0,983113815573505;0,955172179393566;0,93904296581327;4388,39393570493;-0,194438094895913;2,480674;5;"SMA11455_20260907_090000.wav";2026-09-07 09:00:00;"SMA11455"
18,5735418498695;0,972708702350361;0,9510099914055;0,925055694662272;4487,50483377043;0,860996142176317;1,785829;4;"SMA11455_20260907_100000.wav";2026-09-07 10:00:00;"SMA11455"
14,3356383497871;0,973031208622732;0,955581204809514;0,929810334652968;4421,477064184;0,0421369157732467;1,957059;5;"SMA11455_20260907_110000.wav";2026-09-07 11:00:00;"SMA11455"
12,6396652458558;0,973079238495173;0,956891126636869;0,931130888830592;4395,9313220278;-0,0208678316005355;2,151735;5;"SMA11455_20260907_120000.wav";2026-09-07 12:00:00;"SMA11455"
18,9793151573318;0,972994221006104;0,973102283680765;0,946822898469227;4477,23380764579;0,583542121533816;2,29324;6;"SMA11455_20260907_130000.wav";2026-09-07 13:00:00;"SMA11455"
13,021078086754;0,983159179314039;0,96794937238379;0,951648310570386;4380,31706969067;0,147438219887045;2,477874;3;"SMA11455_20260907_140000.wav";2026-09-07 14:00:00;"SMA11455"
16,4221120850623;0,977540635558447;0,959921330130593;0,93836210714197;4486,86704212149;0,748619877409047;2,436015;1;"SMA11455_20260907_150000.wav";2026-09-07 15:00:00;"SMA11455"
14,8577591655727;0,979061129429087;0,972030584753342;0,951677362148222;4404,36934730759;0,18509707060174;2,381731;2;"SMA11455_20260907_160000.wav";2026-09-07 16:00:00;"SMA11455"
12,900929910235;0,979609398480192;0,959597504223702;0,940030733895673;4390,89291896635;0,0287976318752208;2,217667;3;"SMA11455_20260907_170000.wav";2026-09-07 17:00:00;"SMA11455"
12,008183150101;0,976396934926634;0,961495961709229;0,938801709957228;4385,55668349252;-0,0752516818636623;2,00306;4;"SMA11455_20260907_180000.wav";2026-09-07 18:00:00;"SMA11455"
13,6644056611299;0,963718037942044;0,950924418751836;0,916423015070698;4355,37650613617;-0,635709458063936;1,636793;6;"SMA11455_20260907_190000.wav";2026-09-07 19:00:00;"SMA11455"
11,0669992515518;0,983905227833005;0,945762882137655;0,93054104402565;4371,24762215367;0,085516631467579;2,049528;1;"SMA11455_20260907_200000.wav";2026-09-07 20:00:00;"SMA11455"
6,68603297814191;0,982881284119893;0,968537791893686;0,951957668615112;4435,05973033109;0,633132766817106;2,476725;11;"SMA11455_20260907_210000.wav";2026-09-07 21:00:00;"SMA11455"
9,88395967229024;0,980641579465098;0,974028627657677;0,955172971870446;4464,33857803351;0,646060510285707;2,428073;5;"SMA11455_20260907_220000.wav";2026-09-07 22:00:00;"SMA11455"
8,6722919716187;0,971549909744685;0,964011953496523;0,936585726412344;4423,84696045317;0,475678641773652;1,219741;1;"SMA11455_20260907_230000.wav";2026-09-07 23:00:00;"SMA11455"
11,5463151523165;0,976996378210881;0,970121634551649;0,947805323380981;4412,40182533351;0,767325908024486;2,08864;18;"SMA11455_20260908_000000.wav";2026-09-08;"SMA11455"
9,71791431188556;0,987422115426796;0,971298824055297;0,95908193956024;4409,70835990656;0,510919294621125;2,476378;7;"SMA11455_20260908_010000.wav";2026-09-08 01:00:00;"SMA11455"
8,3207638086553;0,985909693759972;0,96772387986795;0,954088354044823;4397,42001179864;0,571674141603667;2,481048;4;"SMA11455_20260908_020000.wav";2026-09-08 02:00:00;"SMA11455"
10,9578553178604;0,978163920520783;0,983634218055103;0,962155503091174;4431,8558403596;0,625983599604692;2,474554;22;"SMA11455_20260908_030000.wav";2026-09-08 03:00:00;"SMA11455"
12,2887713135286;0,981277327885873;0,962095047823234;0,944082057700215;4398,66238285694;-0,0882645521998715;2,481047;3;"SMA11455_20260908_040000.wav";2026-09-08 04:00:00;"SMA11455"
10,1622911434491;0,959330256258423;0,968036781792262;0,92866697394435;4433,06817735332;0,399518387621033;1,907629;9;"SMA11455_20260908_050000.wav";2026-09-08 05:00:00;"SMA11455"
9,19760919877289;0,987466575961886;0,959166329829193;0,947144691494363;4380,12827199259;0,14434549704432;2,469808;0;"SMA11455_20260908_060000.wav";2026-09-08 06:00:00;"SMA11455"
11,7010364371762;0,983274766800163;0,952931637740836;0,936993633876118;4393,34528584281;-0,217996050240006;2,47921;4;"SMA11455_20260908_070000.wav";2026-09-08 07:00:00;"SMA11455"
15,6668316845709;0,979226009959462;0,957937862861375;0,938037671238838;4427,55721235441;-0,14474764244029;1,643455;5;"SMA11455_20260908_080000.wav";2026-09-08 08:00:00;"SMA11455"
17,327190320298;0,977727133905187;0,961308003248456;0,939896918816231;4413,72884471182;-0,143275786423165;2,125791;4;"SMA11455_20260908_090000.wav";2026-09-08 09:00:00;"SMA11455"
16,7364242147047;0,975733049545515;0,960666096495799;0,937353659928833;4408,0109795419;-0,0638725198101267;2,201459;2;"SMA11455_20260908_100000.wav";2026-09-08 10:00:00;"SMA11455"
18,1769263612119;0,980443818223096;0,968202864624182;0,949268513406673;4404,57922715068;-0,297375063009196;2,455561;4;"SMA11455_20260908_110000.wav";2026-09-08 11:00:00;"SMA11455"
20,8681500168323;0,979807373072514;0,972272140977461;0,952639412362715;4391,32752637675;-0,347839755340061;2,454628;2;"SMA11455_20260908_120000.wav";2026-09-08 12:00:00;"SMA11455"
15,6078970576495;0,978618304737832;0,970109537950651;0,949366951439268;4410,72320632611;0,109013900836998;2,108647;3;"SMA11455_20260908_130000.wav";2026-09-08 13:00:00;"SMA11455"
15,2131848906099;0,977550467273765;0,956598718559816;0,935123524321633;4378,00357354759;-0,499767156561407;2,3488;1;"SMA11455_20260908_140000.wav";2026-09-08 14:00:00;"SMA11455"
19,3039370166442;0,977994988864134;0,97339065699849;0,951971184751691;4392,25426963796;-0,185379529747559;2,466024;1;"SMA11455_20260908_150000.wav";2026-09-08 15:00:00;"SMA11455"
22,6230355877385;0,980097471916291;0,97243994621123;0,95308593287204;4391,03354501122;-0,371098205264989;2,156906;0;"SMA11455_20260908_160000.wav";2026-09-08 16:00:00;"SMA11455"
12,8314145793843;0,980280057433591;0,950024315242685;0,931289890309407;4447,9901228275;0,39062592832493;2,214477;2;"SMA11565_20260905_120000.wav";2026-09-05 12:00:00;"SMA11565"
13,6377814120628;0,981439600058757;0,966911074269806;0,948964818023742;4411,52769435992;-0,0422288959007053;2,378662;2;"SMA11565_20260905_130000.wav";2026-09-05 13:00:00;"SMA11565"
10,7969205035727;0,982420348038965;0,951755792728972;0,935024257140897;4383,82570578296;-0,281444111411495;1,186964;2;"SMA11565_20260905_140000.wav";2026-09-05 14:00:00;"SMA11565"
17,3181526763986;0,978466575909354;0,961666576514528;0,940958602288641;4527,70857826947;0,444120695710005;2,003252;4;"SMA11565_20260905_150000.wav";2026-09-05 15:00:00;"SMA11565"
11,7041068124592;0,983013840000926;0,959895913941529;0,943590968364861;4389,54544471566;-0,132583706922759;2,465734;6;"SMA11565_20260905_160000.wav";2026-09-05 16:00:00;"SMA11565"
12,0694121539682;0,97957172862369;0,961982248485806;0,942330614054545;4412,53256007349;-0,124743167621009;2,3606;4;"SMA11565_20260905_170000.wav";2026-09-05 17:00:00;"SMA11565"
11,8216956592065;0,982541455354888;0,965157586070821;0,948307339264836;4408,45073371186;0,145222823873549;2,276126;4;"SMA11565_20260905_180000.wav";2026-09-05 18:00:00;"SMA11565"
12,8335070732909;0,97779396610612;0,954912271856516;0,933707457581988;4348,08790698541;-0,356898603727299;1,921984;4;"SMA11565_20260905_190000.wav";2026-09-05 19:00:00;"SMA11565"
13,7161361176614;0,973916496732102;0,928194506538107;0,903983942093575;4341,01510554679;-0,18797322183175;1,602943;2;"SMA11565_20260905_200000.wav";2026-09-05 20:00:00;"SMA11565"
10,4517647724462;0,981103807408396;0,928185113757691;0,910645949087465;4419,57401431145;0,680514782135501;2,231458;9;"SMA11565_20260905_210000.wav";2026-09-05 21:00:00;"SMA11565"
11,3618893824335;0,982101824729996;0,934227083776311;0,917506123688898;4392,8187128542;0,72904238827353;2,39347;11;"SMA11565_20260905_220000.wav";2026-09-05 22:00:00;"SMA11565"
9,51067915485465;0,982887799074003;0,909999655706528;0,89442755875549;4389,20864457472;0,962696307687906;2,484486;6;"SMA11565_20260905_230000.wav";2026-09-05 23:00:00;"SMA11565"
9,33323786454105;0,977346989071573;0,916288296518596;0,89553160772397;4404,92838926805;0,92712895318194;2,389169;4;"SMA11565_20260906_000000.wav";2026-09-06;"SMA11565"
9,13303257597553;0,983207815014398;0,947317347643369;0,931409819501672;4394,05933025056;0,900590698972135;2,483465;4;"SMA11565_20260906_010000.wav";2026-09-06 01:00:00;"SMA11565"
7,92604540268919;0,98299098419755;0,952710788041978;0,936506115193007;4436,06486661447;0,828996162060678;2,484205;7;"SMA11565_20260906_020000.wav";2026-09-06 02:00:00;"SMA11565"
6,89677994896162;0,989062891887682;0,974087471623922;0,963433771635916;4368,30567740518;0,538197539261803;2,475151;5;"SMA11565_20260906_030000.wav";2026-09-06 03:00:00;"SMA11565"
6,4160718475403;0,984360921811518;0,963929225906136;0,948854261374027;4374,26686589282;0,374310961301495;2,483767;1;"SMA11565_20260906_040000.wav";2026-09-06 04:00:00;"SMA11565"
6,06926804666203;0,988348830641522;0,965200898132695;0,953955179003596;4374,07479753297;0,45048289737024;2,477704;2;"SMA11565_20260906_050000.wav";2026-09-06 05:00:00;"SMA11565"
6,49304380758855;0,970344748943019;0,960634150052678;0,932146303158957;4356,4729997453;0,426577613134024;2,394565;0;"SMA11565_20260906_060000.wav";2026-09-06 06:00:00;"SMA11565"
28,7509932022042;0,944811981625143;0,973083398829173;0,91938085433432;4636,13980678173;0,925670419304673;1,947292;13;"SMA11565_20260906_070000.wav";2026-09-06 07:00:00;"SMA11565"
15,6628262013891;0,981243210892301;0,960414021403902;0,942399738148352;4495,67920741001;0,426168216927305;2,434289;9;"SMA11565_20260906_080000.wav";2026-09-06 08:00:00;"SMA11565"
17,0305539495233;0,97112735768143;0,950787606017946;0,923335855548461;4558,46860404434;0,827017311540236;2,108166;6;"SMA11565_20260906_090000.wav";2026-09-06 09:00:00;"SMA11565"
10,639159984826;0,982295737115182;0,953308095473444;0,936430478340956;4393,16102786823;-0,218814779839323;2,078422;6;"SMA11565_20260906_100000.wav";2026-09-06 10:00:00;"SMA11565"
11,1207412299756;0,974869537154105;0,951670464029103;0,927754544791284;4389,33335786971;-0,17764009250501;1,929437;4;"SMA11565_20260906_110000.wav";2026-09-06 11:00:00;"SMA11565"
14,8153009687485;0,975550238378545;0,94773657013831;0,924564636918493;4454,59871883402;0,505099639589481;1,628778;5;"SMA11565_20260906_120000.wav";2026-09-06 12:00:00;"SMA11565"
11,8482654870584;0,98093651046907;0,949756969963223;0,931651287909401;4397,95829028347;-0,202434526875977;2,285052;3;"SMA11565_20260906_130000.wav";2026-09-06 13:00:00;"SMA11565"
13,2704321160709;0,980954747546138;0,956451011960406;0,938235160977867;4420,8962830339;0,0673130235225606;1,944417;8;"SMA11565_20260906_140000.wav";2026-09-06 14:00:00;"SMA11565"
15,4176755837142;0,963236960057147;0,949768290084533;0,9148519204997;4389,28983728361;-0,590484432946552;1,174872;8;"SMA11565_20260906_150000.wav";2026-09-06 15:00:00;"SMA11565"
10,6043507764484;0,982948814709529;0,94745853249596;0,931303241503334;4350,09267745388;-0,109292059502241;2,470817;2;"SMA11565_20260906_160000.wav";2026-09-06 16:00:00;"SMA11565"
10,2623056910865;0,97916334266847;0,949529798220656;0,929744771189056;4379,48193270575;-0,115973481208837;2,243271;4;"SMA11565_20260906_170000.wav";2026-09-06 17:00:00;"SMA11565"
9,11349459327604;0,983796896285982;0,953674217440272;0,938221735185702;4372,44152233974;-0,0863465326321841;2,478991;1;"SMA11565_20260906_180000.wav";2026-09-06 18:00:00;"SMA11565"
12,1336728111776;0,982049510859478;0,959880126996209;0,94264980920036;4415,64591687056;-0,0419217895073243;2,106148;6;"SMA11565_20260906_190000.wav";2026-09-06 19:00:00;"SMA11565"
12,0766167913192;0,975036703670013;0,962803194546649;0,938768453093723;4438,00527917477;-0,00269149742358884;2,204711;2;"SMA11565_20260906_200000.wav";2026-09-06 20:00:00;"SMA11565"
13,0747975050563;0,982076616188572;0,954230956321162;0,937127908646272;4442,06759818449;0,961850649793307;2,482444;8;"SMA11565_20260906_210000.wav";2026-09-06 21:00:00;"SMA11565"
16,8629932041024;0,982455053892293;0,967649538994067;0,950672179981269;4420,46935265084;0,849310181275105;2,267061;3;"SMA11565_20260906_220000.wav";2026-09-06 22:00:00;"SMA11565"
8,97366996765266;0,983614818390334;0,963434803802361;0,947648749572987;4450,67804461499;0,741449806421921;2,484062;3;"SMA11565_20260906_230000.wav";2026-09-06 23:00:00;"SMA11565"
7,97975592717752;0,983270380133199;0,945766060439253;0,929943753765183;4451,3307572679;0,919214711756003;2,481108;3;"SMA11565_20260907_000000.wav";2026-09-07;"SMA11565"
9,69601662006824;0,983221369289595;0,935414148206382;0,919719179652339;4410,41311434824;0,929542803541211;2,483901;4;"SMA11565_20260907_010000.wav";2026-09-07 01:00:00;"SMA11565"
8,42374478752375;0,980034254461438;0,925647943297171;0,907166692003006;4419,57252718273;0,866392071158466;2,297145;3;"SMA11565_20260907_020000.wav";2026-09-07 02:00:00;"SMA11565"
8,44573740845495;0,982809986576897;0,968737861024132;0,952085244189659;4464,82626343259;0,63330171906889;2,483238;2;"SMA11565_20260907_030000.wav";2026-09-07 03:00:00;"SMA11565"
12,2247751813791;0,981848731752612;0,972047619425994;0,954403722336558;4465,16998291907;-0,231273404980422;2,482679;4;"SMA11565_20260907_040000.wav";2026-09-07 04:00:00;"SMA11565"
18,2390728136302;0,965364276832797;0,977969272751427;0,944096599754378;4851,9916525541;0,69613088088032;2,477536;1;"SMA11565_20260907_050000.wav";2026-09-07 05:00:00;"SMA11565"
6,71031822455916;0,982918631065749;0,963187397928748;0,946734838631906;4501,64528354619;0,431345845940198;2,482067;9;"SMA11565_20260907_060000.wav";2026-09-07 06:00:00;"SMA11565"
13,4188056062435;0,981893874895395;0,958015941114338;0,940669984632315;4440,30167440444;0,173553087436144;2,398586;7;"SMA11565_20260907_070000.wav";2026-09-07 07:00:00;"SMA11565"
20,3933697808585;0,973432459420132;0,977524620680681;0,951554195652927;4725,91716144862;0,795934942171356;2,373599;3;"SMA11565_20260907_080000.wav";2026-09-07 08:00:00;"SMA11565"
10,3824628877239;0,982996117351442;0,948421388503334;0,93229454251184;4422,00158737104;0,0151140468065496;2,455089;2;"SMA11565_20260907_090000.wav";2026-09-07 09:00:00;"SMA11565"
15,8112264641366;0,981779261245567;0,966930297965635;0,949312113612656;4529,4821910824;0,575178712829574;2,342559;8;"SMA11565_20260907_100000.wav";2026-09-07 10:00:00;"SMA11565"
14,3230826805582;0,981056509139758;0,959668410583879;0,941488940819121;4465,90245612849;0,356666833331184;1,982426;7;"SMA11565_20260907_110000.wav";2026-09-07 11:00:00;"SMA11565"
16,7935292196041;0,974137576589052;0,953769630200619;0,929102836187867;4608,06818330457;0,826587730253984;2,155878;6;"SMA11565_20260907_120000.wav";2026-09-07 12:00:00;"SMA11565"
14,3393977334514;0,980932531574559;0,96462522484883;0,946232263831641;4394,12260375055;0,0412935250966569;2,422391;5;"SMA11565_20260907_130000.wav";2026-09-07 13:00:00;"SMA11565"
13,6689261825678;0,981281026799243;0,959978483255201;0,942008671753844;4394,54766320364;0,36195801777927;2,332953;5;"SMA11565_20260907_140000.wav";2026-09-07 14:00:00;"SMA11565"
11,4743848678619;0,982167057972955;0,961917882629375;0,944764056793668;4371,8342984402;-0,0101220704849897;2,196957;0;"SMA11565_20260907_150000.wav";2026-09-07 15:00:00;"SMA11565"
10,5510735438474;0,982965206840734;0,962654544708617;0,946255923655678;4412,88917342884;-0,0149332044558234;2,472956;1;"SMA11565_20260907_160000.wav";2026-09-07 16:00:00;"SMA11565"
11,6795514113544;0,974672681614591;0,964071005178978;0,939653671884668;4430,14405010708;-0,0788093095579539;2,256732;1;"SMA11565_20260907_170000.wav";2026-09-07 17:00:00;"SMA11565"
14,2607435076265;0,968076499234297;0,955896099368439;0,925380549508319;4527,37153002615;0,68136666921172;1,782726;3;"SMA11565_20260907_180000.wav";2026-09-07 18:00:00;"SMA11565"
15,6317164515578;0,933149365561951;0,957847844735776;0,893815108620072;4437,80119903589;-0,713413070010305;1,075837;4;"SMA11565_20260907_190000.wav";2026-09-07 19:00:00;"SMA11565"
12,97984159707;0,978103593907815;0,968677059844157;0,947466513569625;4395,88866586816;0,025659146601646;2,395781;4;"SMA11565_20260907_200000.wav";2026-09-07 20:00:00;"SMA11565"
10,8536174181251;0,982911912533956;0,949545420792045;0,933319505588569;4408,27973272646;0,941449309572568;2,482229;4;"SMA11565_20260907_210000.wav";2026-09-07 21:00:00;"SMA11565"
8,39182891896341;0,982572718136003;0,900896376537898;0,885196201453719;4517,529263025;0,962958924489159;2,478652;6;"SMA11565_20260907_220000.wav";2026-09-07 22:00:00;"SMA11565"
8,84539558842297;0,981511567208184;0,908467460716087;0,891671321125086;4578,29032951162;0,961220573285775;2,45308;2;"SMA11565_20260907_230000.wav";2026-09-07 23:00:00;"SMA11565"
7,85979501861001;0,982653656744836;0,901492131134709;0,885854539186217;4491,02855644759;0,941023490332132;2,483413;6;"SMA11565_20260908_000000.wav";2026-09-08;"SMA11565"
10,8658545161407;0,982407366641254;0,955883291608217;0,939066787325202;4384,58606953801;0,932538768143553;2,478553;4;"SMA11565_20260908_010000.wav";2026-09-08 01:00:00;"SMA11565"
12,127527832189;0,982830819766404;0,961817841035619;0,94530421717099;4373,4998790813;0,816013049779193;2,482699;2;"SMA11565_20260908_020000.wav";2026-09-08 02:00:00;"SMA11565"
10,8981648390938;0,982899977995627;0,96302910583416;0,946561286933545;4394,47301629179;0,886186952039535;2,483788;3;"SMA11565_20260908_030000.wav";2026-09-08 03:00:00;"SMA11565"
11,8770892770282;0,983552804100787;0,977414401409512;0,961338675274818;4415,70358759162;0,500147072886386;2,480948;3;"SMA11565_20260908_040000.wav";2026-09-08 04:00:00;"SMA11565"
8,37056968182369;0,965167332157705;0,969906071758684;0,936121655722889;4387,13122191719;0,532175767116903;2,128378;2;"SMA11565_20260908_050000.wav";2026-09-08 05:00:00;"SMA11565"
9,15648433167658;0,983702791313927;0,964258385039856;0,948543664911566;4370,87568988369;0,117579065783354;2,481283;4;"SMA11565_20260908_060000.wav";2026-09-08 06:00:00;"SMA11565"
20,6910460579724;0,970823750523264;0,954831080580301;0,926972690765149;4681,89964523408;0,848229389960917;2,122065;8;"SMA11565_20260908_070000.wav";2026-09-08 07:00:00;"SMA11565"
13,937566584255;0,981894610184459;0,954452499097188;0,937171764540615;4501,0074175703;0,235352314888869;2,465261;2;"SMA11565_20260908_080000.wav";2026-09-08 08:00:00;"SMA11565"
13,9680546970706;0,980634556975123;0,961162251825447;0,942548919000059;4432,32838017748;0,0844503113251094;2,304438;5;"SMA11565_20260908_090000.wav";2026-09-08 09:00:00;"SMA11565"
20,6357231338742;0,967100475159994;0,972228197735225;0,94024235199368;4421,28730743059;-0,218430294315954;2,316495;3;"SMA11565_20260908_100000.wav";2026-09-08 10:00:00;"SMA11565"
15,973240795975;0,975330519408547;0,966015208068951;0,942184114642446;4389,43382057239;-0,337058411687501;2,280777;0;"SMA11565_20260908_110000.wav";2026-09-08 11:00:00;"SMA11565"
16,0684799731231;0,960762083007177;0,98244457983568;0,943895500962038;4663,23180408219;0,629909087807808;2,199956;2;"SMA11688_20260905_150000.wav";2026-09-05 15:00:00;"SMA11688"
11,2778986510766;0,961141860965789;0,975507883380559;0,937601462419188;4710,11561977321;0,599811802387489;2,253849;8;"SMA11688_20260905_160000.wav";2026-09-05 16:00:00;"SMA11688"
17,3429656730088;0,956362438656205;0,980555738349912;0,937766677166658;4456,83038514992;0,245126433340799;1,139227;0;"SMA11688_20260905_170000.wav";2026-09-05 17:00:00;"SMA11688"
18,8520208301056;0,964028342263315;0,98048248096977;0,945212900747509;4562,2018876877;0,426534790583781;1,687024;3;"SMA11688_20260905_180000.wav";2026-09-05 18:00:00;"SMA11688"
16,7659903538473;0,981291041336156;0,973693817412332;0,955477020031125;4488,25056060288;0,344624707166675;2,384302;3;"SMA11688_20260905_190000.wav";2026-09-05 19:00:00;"SMA11688"
12,7036600924544;0,977036228528146;0,961135624181417;0,939064325354257;4381,70374042512;-0,25321944688816;2,011172;3;"SMA11688_20260905_200000.wav";2026-09-05 20:00:00;"SMA11688"
15,5875866407913;0,983459255884821;0,965444297795642;0,949475130708345;4354,47021374131;0,330137823654044;2,309722;6;"SMA11688_20260905_210000.wav";2026-09-05 21:00:00;"SMA11688"
18,7879067463698;0,965421056538197;0,980326832639781;0,946428166519841;4454,70776190448;0,335017287969937;1,964456;1;"SMA11688_20260905_220000.wav";2026-09-05 22:00:00;"SMA11688"
19,1029959983996;0,967010294183774;0,980976190412188;0,948614074477768;4457,66388233614;0,337094603505178;2,132832;0;"SMA11688_20260905_230000.wav";2026-09-05 23:00:00;"SMA11688"
17,8528574086436;0,974582933521429;0,979757708663998;0,954855141849993;4446,08529771366;0,490683170882868;2,157944;3;"SMA11688_20260906_000000.wav";2026-09-06;"SMA11688"
18,0291583560503;0,959197089677963;0,979653981186207;0,939681247645239;4460,68413026282;0,279911095162284;1,818719;2;"SMA11688_20260906_010000.wav";2026-09-06 01:00:00;"SMA11688"
19,1480612537866;0,965174221973258;0,979819610668927;0,945696630401522;4453,56289854839;0,177720476221755;1,538849;2;"SMA11688_20260906_020000.wav";2026-09-06 02:00:00;"SMA11688"
9,66121360541669;0,972745009589714;0,967461743209382;0,941093582675892;4422,79480509976;0,383112564120604;1,240798;2;"SMA11688_20260906_030000.wav";2026-09-06 03:00:00;"SMA11688"
19,1145262308422;0,964976697757823;0,980470342949997;0,946131033789368;4455,14770324273;0,180509360791921;1,610173;1;"SMA11688_20260906_040000.wav";2026-09-06 04:00:00;"SMA11688"
15,0536803420104;0,946207757332866;0,974663114478561;0,922233799705826;4505,76738655635;-0,0515175136302263;1,430547;0;"SMA11688_20260906_050000.wav";2026-09-06 05:00:00;"SMA11688"
18,0131185777835;0,96723564040436;0,980470041944947;0,948345568917911;4532,11268437739;0,194185690630538;1,649669;0;"SMA11688_20260906_060000.wav";2026-09-06 06:00:00;"SMA11688"
20,4434751976437;0,962213608206204;0,973886518807152;0,937086861244809;4540,2710882767;0,578256409006434;1,724952;4;"SMA11688_20260906_070000.wav";2026-09-06 07:00:00;"SMA11688"
19,8543022546568;0,977678724772403;0,962139788059494;0,940663601042796;4534,51706655031;0,658020514321701;2,00885;11;"SMA11688_20260906_080000.wav";2026-09-06 08:00:00;"SMA11688"
7,32631445805388;0,98091020720384;0,953349136011176;0,935149898542324;4438,07326726516;0,431128784031024;2,473579;8;"SMA11688_20260906_090000.wav";2026-09-06 09:00:00;"SMA11688"
5,06643282568347;0,96212398587479;0,94100142031453;0,905360037226855;4564,58639671122;0,456133012613792;1,628392;8;"SMA11688_20260906_100000.wav";2026-09-06 10:00:00;"SMA11688"
6,91755231007108;0,981026818856736;0,946891575343262;0,928926029961243;4562,76347691705;0,653317114587565;2,445723;5;"SMA11688_20260906_110000.wav";2026-09-06 11:00:00;"SMA11688"
7,35252683202191;0,980828073265412;0,977925998554685;0,959177272958546;4622,01816352458;0,695222377919721;2,477243;13;"SMA11688_20260906_120000.wav";2026-09-06 12:00:00;"SMA11688"
5,1103475415255;0,979488235228251;0,957565769610019;0,9379244057903;4565,9441305611;0,605327458893448;2,395293;9;"SMA11688_20260906_130000.wav";2026-09-06 13:00:00;"SMA11688"
5,93662233361904;0,944321236541948;0,975299387445163;0,920995923550821;4511,88306368626;0,296633886964497;1,899354;7;"SMA11688_20260906_140000.wav";2026-09-06 14:00:00;"SMA11688"
10,3144331851963;0,974916591343012;0,963687913949262;0,939515336185872;4758,41166456462;0,836657569381069;2,449019;6;"SMA11688_20260906_150000.wav";2026-09-06 15:00:00;"SMA11688"
8,37148280133421;0,972982264451926;0,974490425060755;0,948161900462333;4638,68907650631;0,663410897650517;2,186602;5;"SMA11688_20260906_160000.wav";2026-09-06 16:00:00;"SMA11688"
14,1229160634564;0,971509011075863;0,956998731711896;0,929732891446279;4783,66799454666;0,888103607061453;2,454382;3;"SMA11688_20260906_170000.wav";2026-09-06 17:00:00;"SMA11688"
12,102032196198;0,968847089364451;0,936680239116334;0,907499923333059;4661,36701826548;0,90719039212597;2,479575;8;"SMA11688_20260906_180000.wav";2026-09-06 18:00:00;"SMA11688"
14,2555896418066;0,978984484440232;0,96089926378483;0,94070547035539;4479,70252206406;0,656392351035372;2,238684;3;"SMA11688_20260906_190000.wav";2026-09-06 19:00:00;"SMA11688"
12,0753769966815;0,973572937010646;0,936426901123295;0,911679888422385;4419,29058157273;0,827812646335325;2,272306;9;"SMA11688_20260906_200000.wav";2026-09-06 20:00:00;"SMA11688"
12,5104430948602;0,984777975193032;0,957098150922412;0,942529179126368;4422,5233282181;0,954446851965453;2,469066;7;"SMA11688_20260906_210000.wav";2026-09-06 21:00:00;"SMA11688"
11,6261538973178;0,983325252302409;0,970131161461021;0,953954469110088;4396,90165191693;0,869587421950945;2,475126;2;"SMA11688_20260906_220000.wav";2026-09-06 22:00:00;"SMA11688"
13,1807244524678;0,979128921086938;0,972820130961313;0,952516325239805;4457,91841662952;0,90725645418307;2,44064;13;"SMA11688_20260906_230000.wav";2026-09-06 23:00:00;"SMA11688"
11,5619301025963;0,98467942497355;0,965362832589743;0,950572918885305;4392,82396248657;0,908726432908645;2,451721;3;"SMA11688_20260907_000000.wav";2026-09-07;"SMA11688"
16,497068385312;0,973820726979628;0,973624743517508;0,948135955537573;5417,83249986825;0,782145880689858;2,388065;3;"SMA11688_20260907_010000.wav";2026-09-07 01:00:00;"SMA11688"
16,2211728165459;0,977289422519367;0,972781630612779;0,950689198019011;4507,39412399276;0,151475585381467;2,042655;0;"SMA11688_20260907_020000.wav";2026-09-07 02:00:00;"SMA11688"
13,9536297842916;0,982573315316162;0,969751594431042;0,952852039173242;4449,49548132736;-0,374417819250975;2,482291;5;"SMA11688_20260907_030000.wav";2026-09-07 03:00:00;"SMA11688"
11,7825532641647;0,974457482460045;0,969772938994311;0,945002496690275;4481,01694282826;-0,00363958476250425;1,532151;1;"SMA11688_20260907_040000.wav";2026-09-07 04:00:00;"SMA11688"
18,7251218895752;0,963576404977117;0,973419913693317;0,937964460969742;5567,57584266364;0,32269569267099;2,401637;11;"SMA11688_20260907_050000.wav";2026-09-07 05:00:00;"SMA11688"
14,0594545326458;0,984518428639537;0,967267070800664;0,952292256619437;4943,92920766699;0,361989052645187;2,453349;16;"SMA11688_20260907_060000.wav";2026-09-07 06:00:00;"SMA11688"
13,3556718919866;0,984769003809777;0,959119317116766;0,944510974451791;4527,24299909444;0,376008893529983;2,246863;5;"SMA11688_20260907_070000.wav";2026-09-07 07:00:00;"SMA11688"
21,2893935904466;0,979245432045687;0,974567646946027;0,95434091649141;4468,54575970726;0,524140441149264;2,473947;2;"SMA11688_20260907_080000.wav";2026-09-07 08:00:00;"SMA11688"
16,4756500080306;0,979089440000887;0,956819979686595;0,936812338093009;4543,30988142353;0,407928753201912;1,689597;7;"SMA11688_20260907_090000.wav";2026-09-07 09:00:00;"SMA11688"
18,3367717081434;0,961524283388204;0,95956189812664;0,922642066462843;4547,17177768786;0,814354761748891;2,006916;13;"SMA11688_20260907_100000.wav";2026-09-07 10:00:00;"SMA11688"
7,80021753919348;0,980505168007043;0,963310583742628;0,944531005755529;4504,19888745207;0,561076002329167;2,414677;10;"SMA11688_20260907_110000.wav";2026-09-07 11:00:00;"SMA11688"
6,18774660775753;0,977382222505178;0,946336104741094;0,924932085288744;4545,65758713121;0,693606707753197;2,385044;10;"SMA11688_20260907_120000.wav";2026-09-07 12:00:00;"SMA11688"
6,68342935268303;0,977375410980366;0,935983478937451;0,914807237397324;4687,9172283625;0,792351085907171;2,43129;11;"SMA11688_20260907_130000.wav";2026-09-07 13:00:00;"SMA11688"
14,4086792335592;0,964892567676078;0,976200058008309;0,941928180537174;4791,24486926243;0,657669715485347;2,161604;1;"SMA11688_20260907_140000.wav";2026-09-07 14:00:00;"SMA11688"
12,6711011834104;0,977572452378759;0,962047367893299;0,940471004735983;4712,19726381881;0,904992473071935;2,465896;9;"SMA11688_20260907_150000.wav";2026-09-07 15:00:00;"SMA11688"
11,3937245118002;0,961169539502956;0,98091808685995;0,942828585837298;4693,24939974598;0,598853191855189;2,121641;4;"SMA11688_20260907_160000.wav";2026-09-07 16:00:00;"SMA11688"
12,8024897518937;0,981201093402471;0,976117328533765;0,957767390046429;4534,69913719943;0,641697646324575;2,479787;5;"SMA11688_20260907_170000.wav";2026-09-07 17:00:00;"SMA11688"
10,2031017978943;0,978849882302169;0,96990223393954;0,949388687536329;4541,83745335047;0,455201739249133;2,43469;6;"SMA11688_20260907_180000.wav";2026-09-07 18:00:00;"SMA11688"
15,1677436229116;0,969406931864636;0,969579415425925;0,939917006307154;4552,49555140964;-0,476834063921982;2,012088;5;"SMA11688_20260907_190000.wav";2026-09-07 19:00:00;"SMA11688"
12,0365621132849;0,984850608358955;0,965356484568285;0,950731921110337;4396,7165217865;-0,0465672213484048;2,471748;4;"SMA11688_20260907_200000.wav";2026-09-07 20:00:00;"SMA11688"
12,4319071706638;0,985222523419929;0,96975390092083;0,95542338536154;4421,47158857281;0,922971950946871;2,474718;4;"SMA11688_20260907_210000.wav";2026-09-07 21:00:00;"SMA11688"
13,1294455092977;0,981837482700994;0,972183334387654;0,954526037759034;4443,77031056136;0,928099951653434;2,475622;6;"SMA11688_20260907_220000.wav";2026-09-07 22:00:00;"SMA11688"
13,4796911000504;0,984744939302309;0,971598677663779;0,956776880862221;4440,26971331957;0,854013663713151;2,191084;5;"SMA11688_20260907_230000.wav";2026-09-07 23:00:00;"SMA11688"
10,7528041297746;0,9798284090168;0,981935145918361;0,962127951782867;4477,55563283809;0,779233528392029;2,447647;13;"SMA11688_20260908_000000.wav";2026-09-08;"SMA11688"
9,68171076674074;0,982641862271732;0,97452979971167;0,957613777227972;4423,66001740109;0,674470713313438;2,483472;7;"SMA11688_20260908_010000.wav";2026-09-08 01:00:00;"SMA11688"
8,1307900482586;0,985910538217519;0,977540378573951;0,963767360769201;4403,58796888252;0,64458823667663;2,480065;8;"SMA11688_20260908_020000.wav";2026-09-08 02:00:00;"SMA11688"
10,3110413790567;0,975926424246589;0,972085701702514;0,948684122923771;4441,85075010623;0,301784341905558;1,329995;3;"SMA11688_20260908_030000.wav";2026-09-08 03:00:00;"SMA11688"
13,9568716496138;0,970792911870515;0,973370840133644;0,94494151222319;4490,5024727881;0,351895988586364;2,302887;0;"SMA11688_20260908_040000.wav";2026-09-08 04:00:00;"SMA11688"
5,85946878075854;0,977143640021595;0,951743268242922;0,929989881496939;4469,11914290311;0,212230122442373;2,26254;6;"SMA11688_20260908_050000.wav";2026-09-08 05:00:00;"SMA11688"
5,77061357414651;0,979280443898039;0,965341584635501;0,945340135515089;4472,21776061705;0,413332417106769;2,484714;6;"SMA11688_20260908_060000.wav";2026-09-08 06:00:00;"SMA11688"
16,1681726137417;0,966408460390256;0,969053071839369;0,936501087192733;4487,01634824746;0,216711329428531;1,497213;6;"SMA11688_20260908_070000.wav";2026-09-08 07:00:00;"SMA11688"
19,9551737053798;0,977331868207609;0,960553999844145;0,93878003518197;4570,59678467683;0,685037550012726;2,147217;3;"SMA11688_20260908_080000.wav";2026-09-08 08:00:00;"SMA11688"
9,05488240572489;0,970451856374916;0,962011073760764;0,933585432384359;4483,7151660995;0,485945689714033;2,056099;6;"SMA11688_20260908_090000.wav";2026-09-08 09:00:00;"SMA11688"
3,22470119729245;0,976461859104519;0,943192872628704;0,920991865901156;4493,41263705029;0,582533579252612;2,387192;8;"SMA11688_20260908_100000.wav";2026-09-08 10:00:00;"SMA11688"
4,7219920235727;0,943805712747327;0,948735016832411;0,895421528769861;4502,48420774601;0,286099043160407;1,840518;7;"SMA11688_20260908_110000.wav";2026-09-08 11:00:00;"SMA11688"
14,6469717046264;0,946069710220534;0,976559642410563;0,923893497908429;4453,44093548192;0,0944165094250856;1,690992;1;"SMA11688_20260908_120000.wav";2026-09-08 12:00:00;"SMA11688"
14,2706838304941;0,946314269768836;0,976779949780568;0,924340804901439;4471,1722093343;0,133872838888498;1,259977;1;"SMA11688_20260908_130000.wav";2026-09-08 13:00:00;"SMA11688"
14,7781059508124;0,944513690254875;0,977401703922149;0,923169290232911;4495,74816866001;0,0851097818913014;1,925117;2;"SMA11688_20260908_140000.wav";2026-09-08 14:00:00;"SMA11688"
11,1536871039571;0,946226534286871;0,958485176615334;0,906944106834066;4650,060071702;-0,0252329957268759;1,79812;2;"SMA11688_20260908_150000.wav";2026-09-08 15:00:00;"SMA11688"
